Wipro,https://www.wipro.com/,https://www.wipro.com/contact-wipro/,,+91 80 46827999,"Doddakannelli, Sarjapur Road, Bengaluru 560035, India",https://www.linkedin.com/company/wipro,,
Tata Consultancy Services (TCS),https://www.tcs.com/,,,+91 22 67789595,"TCS House, Raveline St, Fort, Mumbai 400001, India",https://www.linkedin.com/company/tata-consultancy-services,,
Cognizant,https://www.cognizant.com/,https://www.cognizant.com/us/en/contact-us/,,+1 201-801-0233,"500 Frank W. Burr Blvd, Teaneck, NJ 07666, USA",https://www.linkedin.com/company/cognizant,,
Tech Mahindra,https://www.techmahindra.com/,https://www.techmahindra.com/en-in/contact-us/,,+91 20 66018100,"Sharda Centre, Off Karve Rd, Pune, Maharashtra 411004, India",https://www.linkedin.com/company/tech-mahindra,,
Capgemini,https://www.capgemini.com/,https://www.capgemini.com/contact-us/,,+33 1 47 54 50 00,"11 Rue de Tilsitt, 75017 Paris, France",https://www.linkedin.com/company/capgemini,,
NTT Data,https://www.nttdata.com/,https://www.nttdata.com/global/en/contact-us/,,+81 3 5546 8202,"Toyosu Center Bldg, 3-3-3 Toyosu, Koto-ku, Tokyo 135-6033, Japan",https://www.linkedin.com/company/ntt-data,,
NTT Ltd,https://services.global.ntt/,https://services.global.ntt/en-us/contact-us/,,+44 330 588 7000,"2nd Floor, 1 King William Street, London EC4N 7AR, United Kingdom",https://www.linkedin.com/company/global-ntt,,
DXC Technology,https://dxc.com/,https://dxc.com/us/en/contact,,+1 703-245-9675,"1775 Tysons Blvd, Tysons, VA 22102, USA",https://www.linkedin.com/company/dxc-technology,,
Kyndryl,https://www.kyndryl.com/,https://www.kyndryl.com/us/en/contact-us/,,+1 212-896-2098,"1 Vanderbilt Ave, 15th Floor, New York, NY 10017, USA",https://www.linkedin.com/company/kyndryl,,
Orange Business Services,https://www.orange-business.com/,https://www.orange-business.com/en/contact,,+33 1 44 44 22 22,"111 Quai du Président Roosevelt, 92130 Issy-les-Moulineaux, France",https://www.linkedin.com/company/orange-business,,
BT (British Telecom),https://www.bt.com/,https://business.bt.com/contact-us/,,+44 20 7356 5000,"1 Braham Street, London E1 8EE, United Kingdom",https://www.linkedin.com/company/bt,,
Rackspace Technology,https://www.rackspace.com/,https://www.rackspace.com/about/contact-us/,,+1 210-312-4000,"1 Fanatical Place, Windcrest, San Antonio, TX 78218, USA",https://www.linkedin.com/company/rackspace-technology,,
All Covered (Konica Minolta),https://www.allcovered.com/,https://www.allcovered.com/contact-us/,,201-825-4000,"100 Williams Drive, Ramsey, NJ 07446, USA",https://www.linkedin.com/company/all-covered,,
OneNeck IT Solutions,https://www.oneneck.com/,https://www.oneneck.com/contact/,,608-664-4428,"525 Junction Rd, Madison, WI 53717, USA",https://www.linkedin.com/company/oneneck-it-solutions,,
Presidio,https://www.presidio.com/,https://www.presidio.com/contact-us/,,+1 212-652-5700,"1 Pennsylvania Plaza, New York, NY 10119, USA",https://www.linkedin.com/company/presidio,,
Softchoice,https://www.softchoice.com/,https://www.softchoice.com/about/locations/,,+1 416-588-9002,"173 Dufferin St, Suite 200, Toronto, ON M6K 3H7, Canada",https://www.linkedin.com/company/softchoice,,
Long View Systems,https://www.longviewsystems.com/,https://www.longviewsystems.com/contact/,,+1 403-515-6900,"144 4 Ave SW, Suite 2100, Calgary, AB T2P 3N4, Canada",https://www.linkedin.com/company/long-view-systems,,
Deloitte,https://www.deloitte.com/,https://www.deloitte.com/global/en/footer/contact-us.html,,+44 20 7936 3000,"1 New Street Square, London EC4A 3HQ, United Kingdom",https://www.linkedin.com/company/deloitte,,
IBM,https://www.ibm.com/,https://www.ibm.com/contact/global,,+1 800-426-4968,"1 New Orchard Road, Armonk, NY 10504, USA",https://www.linkedin.com/company/ibm,,
Navisite,https://www.navisite.com/,https://www.navisite.com/contact/,,+1 978-682-8300,"400 Minuteman Rd, Andover, MA 01810, USA",https://www.linkedin.com/company/navisite,,
TierPoint,https://www.tierpoint.com/,https://www.tierpoint.com/contact-us/,,+1 972-364-5700,"12444 Powerscourt Dr, Suite 450, St. Louis, MO 63131, USA",https://www.linkedin.com/company/tierpoint,,
Expedient,https://www.expedient.com/,https://www.expedient.com/contact/,,+1 877-570-7827,"1 Allegheny Square, Suite 600, Pittsburgh, PA 15212, USA",https://www.linkedin.com/company/expedient,,
2nd Watch,https://www.2ndwatch.com/,https://www.2ndwatch.com/contact-us/,,+1 888-317-7920,"2101 4th Ave, Suite 2100, Seattle, WA 98121, USA",https://www.linkedin.com/company/2nd-watch,,
CDW Corporation,https://www.cdw.com/,https://www.cdw.com/content/cdw/en/about/contact.html,,+1 847-465-6000,"75 Tri-State Intl, Lincolnshire, IL 60069, USA",https://www.linkedin.com/company/cdw,,
Insight Enterprises,https://www.insight.com/,https://www.insight.com/en_US/contact-us.html,,+1 800-467-4448,"6820 S Harl Ave, Tempe, AZ 85283, USA",https://www.linkedin.com/company/insight-enterprises,,
World Wide Technology,https://www.wwt.com/,https://www.wwt.com/contact-us/,,+1 314-569-7000,"1 World Wide Way, St. Louis, MO 63146, USA",https://www.linkedin.com/company/world-wide-technology,,
MicroAge,https://www.microage.com/,https://www.microage.com/contact/,,+1 800-544-8877,"Phoenix, AZ, USA",https://www.linkedin.com/company/microage,,
SHI International,https://www.shi.com/,https://www.shi.com/contact,,+1 888-764-8888,"290 Davidson Ave, Somerset, NJ 08873, USA",https://www.linkedin.com/company/shi,,
Zones,https://www.zones.com/,https://www.zones.com/site/statics/static_page.html?name=contact,,(253) 205-3000,"1102 15th St SW, Suite 102, Auburn, WA 98001, USA",https://www.linkedin.com/company/zones,,
Inetum (Gfi Informatique),https://www.inetum.com/,https://www.inetum.com/en/contact-us/,,+33 1 44 04 00 00,"145 Boulevard Victor Hugo, 93400 Saint-Ouen, France",https://www.linkedin.com/company/inetum,,
Sopra Steria,https://www.soprasteria.com/,https://www.soprasteria.com/en/contact,,+33 1 40 67 29 29,"6 Avenue Kleber, 75116 Paris, France",https://www.linkedin.com/company/sopra-steria,,
Devoteam,https://www.devoteam.com/,https://www.devoteam.com/contact/,,+33 1 41 49 48 48,"73 Rue Anatole France, 92300 Levallois-Perret, France",https://www.linkedin.com/company/devoteam,,
Indra (Minsait),https://www.indracompany.com/,https://www.indracompany.com/en/contact-us,,+34 91 480 5000,"Avenida de Bruselas, 35, Alcobendas, 28108 Madrid, Spain",https://www.linkedin.com/company/indra,,
Leidos,https://www.leidos.com/,https://www.leidos.com/company/global/locations,,+1 571-526-6000,"1750 Presidents St, Reston, VA 20190, USA",https://www.linkedin.com/company/leidos,,
LTIMindtree,https://www.ltimindtree.com/,https://www.ltimindtree.com/get-in-touch/,,+91 22 6776 6776,"L&T Business Park, Gate 5, Saki Vihar Rd, Mumbai 400072, India",https://www.linkedin.com/company/ltimindtree,,
Hexaware Technologies,https://www.hexaware.com/,https://hexaware.com/contact-us/,,+91 22 4159 9595,"152, Millennium Business Park, Navi Mumbai 400710, India",https://www.linkedin.com/company/hexaware-technologies,,
Coforge,https://www.coforge.com/,https://www.coforge.com/contact-us/,,+91 120 401 9100,"8 Balaji Estate, Guru Ravi Das Marg, Kalkaji, New Delhi 110019, India",https://www.linkedin.com/company/coforge,,
TPx Communications,https://www.tpx.com/,https://www.tpx.com/contact-us/,,+1 888-407-9594,"515 S Flower St, 45th Floor, Los Angeles, CA 90071, USA",https://www.linkedin.com/company/tpx-comms,,
Agilant Solutions,https://www.goagilant.com/,https://www.goagilant.com/contact/,,+1 718-502-6100,"3 Seaview Blvd, Port Washington, NY 11050, USA",https://www.linkedin.com/company/agilant-solutions,,
Abacus Group,https://abacus.co/,https://abacus.co/contact/,,+1 866-888-1943,"655 Third Avenue, 8th Floor, New York, NY 10017, USA",https://www.linkedin.com/company/abacusgroup,,
Advizex,https://advizex.com/,https://advizex.com/contact/,,+1 440-925-5600,"6480 Rockside Woods Blvd S, Suite 190, Cleveland, OH 44131, USA",https://www.linkedin.com/company/advizex,,
Accucode,https://www.accucode.com/,https://www.accucode.com/contact/,,+1 800-325-5426,"6886 S Yosemite St, Centennial, CO 80112, USA",https://www.linkedin.com/company/accucode,,
ePlus,https://www.eplus.com/,https://www.eplus.com/about/contact-us/,,+1 703-984-8400,"13595 Dulles Technology Dr, Herndon, VA 20171, USA",https://www.linkedin.com/company/eplus,,
Thrive,https://thrivenextgen.com/,https://thrivenextgen.com/contact-us/,,+1 866-205-2810,"500 Totten Pond Rd, 6th Floor, Waltham, MA 02451, USA",https://www.linkedin.com/company/thrive-networks,,
GreenPages,https://www.greenpages.com/,https://www.greenpages.com/contact-us/,,+1 800-989-2989,"33 Badgers Is, Portsmouth, NH 03801, USA",https://www.linkedin.com/company/greenpages,,
Converge Technology Solutions,https://convergetp.com/,https://convergetp.com/contact/,,+1 844-681-6787,"161 Bay St, Suite 2325, Toronto, ON M5J 2S1, Canada",https://www.linkedin.com/company/converge-tech,,
Crayon Group,https://www.crayon.com/,https://www.crayon.com/en/contact-us/,,+47 22 89 10 00,"Karenslyst Allé 2, 0278 Oslo, Norway",https://www.linkedin.com/company/crayon,,
Hitachi Vantara,https://www.hitachivantara.com/,https://www.hitachivantara.com/en-us/company/contact-us.html,,+1 408-970-1000,"2535 Augustine Dr, Santa Clara, CA 95054, USA",https://www.linkedin.com/company/hitachivantara,,
Unisys,https://www.unisys.com/,https://www.unisys.com/contact-us/,,+1 215-986-4011,"801 Lakeview Dr, Suite 100, Blue Bell, PA 19422, USA",https://www.linkedin.com/company/unisys,,
Xerox IT Services,https://www.xerox.com/,https://www.xerox.com/en-us/contact,,+1 800-275-9376,"201 Merritt 7, Norwalk, CT 06851, USA",https://www.linkedin.com/company/xerox,,
Ricoh (IT Services),https://www.ricoh-usa.com/,https://www.ricoh-usa.com/en/contact-us,,+1 973-882-2000,"300 Eagleview Blvd, Exton, PA 19341, USA",https://www.linkedin.com/company/ricoh-usa,,
Mphasis,https://www.mphasis.com/,https://www.mphasis.com/contact.html,,+1 212-652-6626,"460 Park Ave South, Suite 1101, New York, NY 10016, USA",https://www.linkedin.com/company/mphasis,,
T-Systems,https://www.t-systems.com/,https://www.t-systems.com/us/en/contact,,+49 69 66531-0,"Hahnstraße 43d, 60528 Frankfurt am Main, Germany",https://www.linkedin.com/company/t-systems,,
Cancom,https://www.cancom.com/,https://www.cancom.com/contact/,,+49 89 54054-0,"Erika-Mann-Str. 69, 80636 Munich, Germany",https://www.linkedin.com/company/cancom,,
Bechtle,https://www.bechtle.com/,https://www.bechtle.com/de-en/contact,,+49 7132 981-0,"Bechtle Platz 1, 74172 Neckarsulm, Germany",https://www.linkedin.com/company/bechtle,,
Daisy Group,https://daisygroup.com/,https://daisygroup.com/contact/,,+44 345 202 0000,"Lindred Rd Business Park, Nelson BB9 5SR, United Kingdom",https://www.linkedin.com/company/daisy-group,,
Node4,https://www.node4.co.uk/,https://www.node4.co.uk/contact-us/,,+44 345 123 2229,"Saxon House, Heritage Gateway, Derby DE1 1NL, United Kingdom",https://www.linkedin.com/company/node4,,
Six Degrees Group,https://www.6dg.co.uk/,https://www.6dg.co.uk/contact-us/,,+44 20 7858 4935,"Cornwall House, 55 New Oxford St, London WC1A 1BS, United Kingdom",https://www.linkedin.com/company/six-degrees-group,,
Ordina,https://www.ordina.com/,https://www.ordina.com/contact/,,+31 30 663 7000,"Ringwade 1, 3439 LM Nieuwegein, Netherlands",https://www.linkedin.com/company/ordina,,
Econocom,https://www.econocom.com/,https://www.econocom.com/en/contact-us,,+33 1 80 58 45 00,"BNF Richelieu, 5 Rue Marcelin Berthelot, 92100 Boulogne-Billancourt, France",https://www.linkedin.com/company/econocom,,
Emtec,https://www.emtecinc.com/,https://www.emtecinc.com/contact/,,+1 609-528-8500,"100 Matsonford Rd, Building 5, Radnor, PA 19087, USA",https://www.linkedin.com/company/emtec,,
MGT Consulting,https://www.mgtconsulting.com/,https://www.mgtconsulting.com/contact/,,+1 888-302-0899,"100 E Pine St, Suite 1100, Orlando, FL 32801, USA",https://www.linkedin.com/company/mgt-consulting-group,,
BBH Solutions,https://www.bbhinc.com/,https://www.bbhinc.com/contact/,,+1 212-353-3333,"521 5th Avenue, 17th Floor, New York, NY 10175, USA",https://www.linkedin.com/company/bbh-solutions,,
MRE Consulting,https://www.mre-consulting.com/,https://www.mre-consulting.com/contact/,,+1 713-844-6400,"1300 Post Oak Blvd, Suite 2000, Houston, TX 77056, USA",https://www.linkedin.com/company/mre-consulting-ltd,,
DSI Tech,https://www.dsitech.com/,https://www.dsitech.com/contact-us/,,+1 703-321-3030,"3901 Stonecroft Blvd, Chantilly, VA 20151, USA",https://www.linkedin.com/company/dsi-tech,,
phoenixNAP,https://phoenixnap.com/,https://phoenixnap.com/company/contact,,+1 877-749-2656,"3402 E University Dr, Phoenix, AZ 85034, USA",https://www.linkedin.com/company/phoenixnap,,
Park Place Technologies,https://www.parkplacetechnologies.com/,https://www.parkplacetechnologies.com/contact/,,+1 800-931-3366,"5910 Landerbrook Dr, Cleveland, OH 44124, USA",https://www.linkedin.com/company/park-place-technologies,,
Atmosera,https://www.atmosera.com/,https://www.atmosera.com/contact/,,+1 800-891-2147,"9705 SW Sunshine Ct, Beaverton, OR 97005, USA",https://www.linkedin.com/company/atmosera,,
Stefanini,https://stefanini.com/,https://stefanini.com/en/contact-us,,+1 248-263-8612,"27100 W 11 Mile Rd, Southfield, MI 48034, USA",https://www.linkedin.com/company/stefanini,,
Zensar Technologies,https://www.zensar.com/,https://www.zensar.com/contact-us,,+1 877-414-8340,"8045 E Chapman Ave, Suite 230, Orange, CA 92869, USA",https://www.linkedin.com/company/zensar-technologies,,
Air IT,https://www.airit.co.uk/,https://www.airit.co.uk/contact-us/,,+44 333 240 1184,"6 Edison Village, Nottingham Science Park, Nottingham NG7 2RF, United Kingdom",https://www.linkedin.com/company/air-it,,
Nasstar,https://www.nasstar.com/,https://www.nasstar.com/contact-us/,,+44 844 443 4433,"Datapoint House, 400 Thames Valley Park Dr, Reading RG6 1PT, United Kingdom",https://www.linkedin.com/company/nasstar,,
Masergy,https://www.masergy.com/,https://www.masergy.com/contact,,+1 469-291-2000,"2740 North Dallas Parkway, Plano, TX 75093, USA",https://www.linkedin.com/company/masergy,,
Verizon Business,https://www.verizon.com/business/,https://www.verizon.com/business/contact-us/,,+1 800-837-4966,"1095 Avenue of the Americas, New York, NY 10036, USA",https://www.linkedin.com/company/verizon,,
AT&T Business,https://business.att.com/,https://www.business.att.com/learn/operational-support/contact-us.html,,+1 877-438-0041,"208 S Akard St, Dallas, TX 75202, USA",https://www.linkedin.com/company/at&t,,
Bell Canada,https://business.bell.ca/,https://business.bell.ca/shop/enterprise/contact-us,,+1 888-333-2811,"1 Carrefour Alexander-Graham-Bell, Verdun, QC H3E 3B3, Canada",https://www.linkedin.com/company/bell-business-markets,,
Telus,https://www.telus.com/,https://business.telus.com/en/business/on/contact-us,,+1 877-710-0404,"510 W Georgia St, Vancouver, BC V6B 0M3, Canada",https://www.linkedin.com/company/telus,,
Lumen Technologies,https://www.lumen.com/,https://www.lumen.com/en-us/contact-us.html,,+1 877-453-8353,"100 CenturyLink Dr, Monroe, LA 71203, USA",https://www.linkedin.com/company/lumentechnologies,,
Netrix,https://netrixllc.com/,https://netrixllc.com/contact/,,+1 844-638-7499,"444 W Lake St, Suite 1700, Chicago, IL 60606, USA",https://www.linkedin.com/company/netrix-llc,,
LightEdge Solutions,https://www.lightedge.com/,https://www.lightedge.com/contact-us/,,+1 877-771-3343,"909 Walnut St, Suite 700, Kansas City, MO 64106, USA",https://www.linkedin.com/company/lightedge-solutions,,
Dataprise,https://www.dataprise.com/,https://www.dataprise.com/get-in-touch/,,888-519-8111,"9600 Blackwell Rd, Rockville, MD 20850, USA",https://www.linkedin.com/company/dataprise,,
Applied Tech,https://www.appliedtech.us/,https://www.appliedtech.us/contact-us/,,855-729-1300,"6662 Ronald Reagan Ave, Madison, WI 53704, USA",https://www.linkedin.com/company/applied-tech,,
Accenture,https://www.accenture.com/,https://www.accenture.com/us-en/contact,,+44 20 3830 1189,"30 Fenchurch Street, London EC3M 3BD, United Kingdom",https://www.linkedin.com/company/accenture,,
C1 (ConvergeOne),https://www.convergeone.com/,contactus@convergeone.com,,888-321-6227,"10900 Nesbitt Ave S, Bloomington, MN 55437, USA",https://www.linkedin.com/company/convergeone,,
Logicalis,https://www.logicalis.com/,info@logicalis.com,,+44 1753 797100,"Maidenhead, Berkshire SL6 3UD, United Kingdom",https://www.linkedin.com/company/logicalis,,
HCLTech,https://www.hcltech.com/,https://www.hcltech.com/contact-us,,,Noida,India,https://www.linkedin.com/company/hcltech,
AHEAD,https://www.ahead.com/,https://www.ahead.com/contact/,,,Chicago,IL,USA,https://www.linkedin.com/company/thinkahead
Computacenter,https://www.computacenter.com/,https://www.computacenter.com/contact-us,,+44 1707 631000,"Hatfield, Hertfordshire, United Kingdom",https://www.linkedin.com/company/computacenter,,
Brennan,https://www.brennanit.com.au/,sayhello@brennanit.com.au,,1300 500 000,Sydney,Australia,https://www.linkedin.com/company/brennan-it,
DATAGROUP,https://www.datagroup.de/,https://www.datagroup.de/kontakt/,,,Pliezhausen,Germany,https://www.linkedin.com/company/datagroup,
Tietoevry,https://www.tietoevry.com/,https://www.tietoevry.com/en/contact/,,,Espoo,Finland,https://www.linkedin.com/company/tietoevry,
Cegeka,https://www.cegeka.com/,https://www.cegeka.com/en/be/contact/,,,Hasselt,Belgium,https://www.linkedin.com/company/cegeka,
Ayesa,https://www.ayesa.com/,https://www.ayesa.com/en/contact/,,,Seville,Spain,https://www.linkedin.com/company/ayesa,
Axians,https://www.axians.com/,https://www.axians.com/contact/,,,Paris,France,https://www.linkedin.com/company/axians,
Datacom Systems,https://www.datacom.com/,https://www.datacom.com/contact-us/,,,Auckland,New Zealand,https://www.linkedin.com/company/datacom,
Koesio,https://www.koesio.com/,https://www.koesio.com/en/contact-us/,,,Limoges,France,https://www.linkedin.com/company/koesio,
Compugen,https://www.compugen.com/,https://www.compugen.com/en/contact-us/,,,Richmond Hill,ON,Canada,https://www.linkedin.com/company/compugen
Advania,https://www.advania.com/,https://www.advania.com/contact/,,,Stockholm,Sweden,https://www.linkedin.com/company/advania,
Infosys,https://www.infosys.com/,https://www.infosys.com/contact/,,,Bengaluru,India,https://www.linkedin.com/company/infosys,
Dataprise,https://dataprise.com,,,,,,,
Applied Tech,https://appliedtech.us,,,,,,,
ZAG Technical Services,https://zagtech.com,,,,,,,
eGroup (Enabling Technologies),https://egroup-us.com,,,,,,,
Managed Solution,https://managedsolution.com,,,,,,,
Arctic IT,https://arcticit.com,,,,,,,
Corsica Technologies,https://corsicatech.com,,,,,,,
NetGain Technologies,https://netgainit.com,,,,,,,
IT Solutions Consulting,https://itsolutions-inc.com,,,,,,,
NexusTek,https://nexustek.com,,,,,,,
Centre Technologies,https://centretechnologies.com,,,,,,,
R2 Unified Technologies,https://r2ut.com,,,,,,,
centrexIT,https://centrexit.com,,,,,,,
"Synoptek, Inc.",https://synoptek.com,,,,,,,
iVenture Solutions,https://iventuresolutions.com,,,,,,,
Right! Systems Inc.,https://rightsys.com,,,,,,,
Ascend Technologies,https://teamascend.com,,,,,,,
CCB Technology,https://ccbtechnology.com,,,,,,,
"Logically, Inc.",https://logically.com,,,,,,,
Intelligent Technical Solutions (ITS),https://itsasap.com,,,,,,,
"Imagine IT, Inc.",https://imit.com,,,,,,,
Nexigen,https://nexigen.com,,,,,,,
ERGOS Technology Partners,https://ergos.com,,,,,,,
Magna5,https://magna5.com,,,,,,,
Mainstay Technologies,https://mstech.com,,,,,,,
Intech Hawaii,https://intech-hawaii.com,,,,,,,
"WAMS, Inc.",https://wamsinc.com,,,,,,,
Exigent Technologies LLC,https://exigent.net,,,,,,,
Network Coverage,https://netcov.com,,,,,,,
Bit by Bit Computer Consultants,https://bitxbit.com,,,,,,,
BlackPoint IT Services,https://blackpoint-it.com,,,,,,,
"WCA Technologies, Inc.",https://wcatech.com,,,,,,,
Medicus IT,https://medicusit.com,,,,,,,
Waident Technology Solutions,https://waident.com,,,,,,,
Prototype:IT,https://prototypeit.net,,,,,,,
Executech,https://executech.com,,,,,,,
NetEffect,https://neteffect.com,,,,,,,
MIS Solutions,https://mis-solutions.com,,,,,,,
XPERTECHS,https://xpertechs.com,,,,,,,
Fuse Networks,https://fusenetworks.com,,,,,,,
TechMD,https://techmd.com,,,,,,,
Responsive Technology Partners,https://responsivetechnologypartners.com,,,,,,,
Astute Technology Management,https://astutetm.com,,,,,,,
Mindsight,https://gomindsight.com,,,,,,,
The Scarlett Group,https://scarlettgroup.com,,,,,,,
Total Networks,https://totalnetworks.com,,,,,,,
DataPerk,https://dataperk.com,,,,,,,
Integris,https://integrisit.com,,,,,,,
Strategic Technology Solutions,https://stspartner.com,,,,,,,
Bellwether Technology,https://belltec.com,,,,,,,
CTG Tech,https://ctgmanagedit.com,,,,,,,
Nexus IT Consultants,https://nexusitc.net,,,,,,,
ETC TechSolutions,https://etctech.net,,,,,,,
Valiant Technology,https://thevaliantway.com,,,,,,,
Proven IT,https://provenit.com,,,,,,,
Isogent,https://isogent.com,,,,,,,
Kelser Corporation,https://kelsercorp.com,,,,,,,
VC3,https://vc3.com,,,,,,,
OSIbeyond,https://osibeyond.com,,,,,,,
Charles IT,https://charlesit.com,,,,,,,
"Net Friends, Inc.",https://netfriends.com,,,,,,,
US Resources,https://usresources.com,,,,,,,
CloudWave,https://gocloudwave.com,,,,,,,
Endurance IT Services,https://endurance-it.com,,,,,,,
"RESULTS Technology, Inc.",https://resultstechnology.com,,,,,,,
"Parachute Technology, Inc.",https://parachute.cloud,,,,,,,
Network 1 Consulting,https://network1consulting.com,,,,,,,
The AME Group,https://theamegroup.com,,,,,,,
Xperteks,https://xperteks.com,,,,,,,
Central Texas Technology Solutions,https://cttsonline.com,,,,,,,
Techmedics,https://techmedics.com,,,,,,,
Andromeda Technology Solutions,https://andromeda-tech-solutions.com,,,,,,,
M.A. Polce Consulting,https://mapolce.com,,,,,,,
Homefield IT (ManhattanTechSupport),https://homefieldit.com,,,,,,,
IronEdge Group,https://ironedgegroup.com,,,,,,,
American Technology Services (ATS),https://networkats.com,,,,,,,
LTC Technology Systems,https://ltcsystems.us,,,,,,,
TechProComp,https://techprocomp.com,,,,,,,
Omega Systems,https://omegasystemscorp.com,,,,,,,
"I-M Technology, LLC",https://i-mtechnology.com,,,,,,,
Artemis IT,https://artemisit.com,,,,,,,
Kalleo Technologies,https://kalleo.net,,,,,,,
Pearl Solutions Group,https://pearlsolves.com,,,,,,,
"CAL IT Group, Inc.",https://calitgroup.com,,,,,,,
"Frontline, LLC",https://frontline-it.com,,,,,,,
"Huber & Associates, Inc.",https://huberassoc.com,,,,,,,
Nuvodia,https://nuvodia.com,,,,,,,
Bytagig,https://bytagig.com,,,,,,,
"BCA IT, Inc.",https://bcait.com,,,,,,,
Tech Networks of Boston,https://techboston.com,,,,,,,
Complete Network,https://complete.network,,,,,,,
XL.net,https://xl.net,,,,,,,
Cyber Advisors,https://cyberadvisors.com,,,,,,,
Merit Technologies Corp,https://merittechnologies.com,,,,,,,
"Daystar, Inc.",https://daystarit.com,,,,,,,
K3 Technology,https://k3techs.com,,,,,,,
Cortavo,https://cortavo.com,,,,,,,
TruAdvantage,https://truadvantage.com,,,,,,,
Bayshore Interactive,https://bayshore.net,,,,,,,
Lockstep Technology Group,https://lockstepgroup.com,,,,,,,